{
    "providers": [
        {
            "type": "space",
            "advances": {
                " ": 4
            }
        },
        {
            "type": "bitmap",
            "file": "capsfont:caps/capitals.png",
            "height": 8,
            "ascent": 7,
            "chars": [
                "\u0000!\"#$%&'()*+,-./",
        "0123456789:;<=>?",
        "@ABCDEFGHIJKLMNO",
            "PQRSTUVWXYZ[\\]^_",
        "`abcdefghijklmno",
        "pqrstuvwxyz{|}~ "

            ]
        }


    ]
}