{
    "custom.speed_pad": {
        "sounds": [
            "custom/speed_pad"
        ]
    },
"custom.rizzler": {
        "sounds": [
            "custom/rizzler"
        ]
    },
"custom.djwallace": {
        "sounds": [
            "custom/djwallace"
        ]
    },
"custom.flylikeabird": {
        "sounds": [
            "custom/flylikeabird"
        ]
    },
"custom.no": {
        "sounds": [
            "custom/no"
        ]
    },
"custom.kill": {
        "sounds": [
            "custom/kill"
        ]
    },
"custom.bombplanted": {
        "sounds": [
            "custom/bombplanted"
        ]
    },
"custom.teamdeath": {
        "sounds": [
            "custom/teamdeath"
        ]
    },
"custom.bombtick": {
        "sounds": [
            "custom/bombtick"
        ]
    },
"custom.tick": {
        "sounds": [
            "custom/tick"
        ]
    },
"custom.winners": {
        "sounds": [
            "custom/winners"
        ]
    },
"custom.start": {
        "sounds": [
            "custom/start"
        ]
    },
"custom.countdown123": {
        "sounds": [
            "custom/countdown123"
        ]
    },
"custom.gametick": {
        "sounds": [
            "custom/gametick"
        ]
    },
"custom.death": {
        "sounds": [
            "custom/death"
        ]
    },
"custom.roundwin": {
        "sounds": [
            "custom/roundwin"
        ]
    },
"custom.bombdrop": {
        "sounds": [
            "custom/bombdrop"
        ]
    },
"custom.bombpickup": {
        "sounds": [
            "custom/bombpickup"
        ]
    },
"custom.roundstart": {
        "sounds": [
            "custom/roundstart"
        ]
    },
"custom.roundlose": {
        "sounds": [
            "custom/roundlose"
        ]
    },
"custom.startbombdefuse": {
        "sounds": [
            "custom/startbombdefuse"
        ]
    }

}
