{
    "providers": [
        {
            "type": "bitmap",
            "file": "cbgo:cbgoicons/cbgotest.png",
            "height": 8,
            "ascent": 8,
            "chars": [
                "1"
            ]
        },
{
            "type": "bitmap",
            "file": "cbgo:cbgoicons/cbgo_sprites.png",
            "height": 10,
            "ascent": 8,
            "chars": [
                "abcd",
		"efgh",
		"ijkl",
		"mnop",
		"qrst",
		"uvwx"
		

            ]
        },
{
            "type": "bitmap",
            "file": "cbgo:cbgoicons/skull_tall.png",
            "height": 80,
            "ascent": 56,
            "chars": [
                "X"
            ]
        },
{
            "type": "bitmap",
            "file": "cbgo:cbgoicons/dot_tall.png",
            "height": 80,
            "ascent": 56,
            "chars": [
                "."
            ]
        }

    ]
}