{
	"credit": "Made with Blockbench",
	"texture_size": [64, 64],
	"textures": {
		"1": "block/flashing_light",
		"2": "block/texture",
		"particle": "block/texture"
	},
	"elements": [
		{
			"from": [1, 1, 1],
			"to": [15, 5, 5],
			"rotation": {"angle": 0, "axis": "y", "origin": [1, 1, 1]},
			"faces": {
				"north": {"uv": [3, 4, 6.5, 5], "texture": "#2"},
				"east": {"uv": [5, 8.25, 6, 9.25], "texture": "#2"},
				"south": {"uv": [3, 5, 6.5, 6], "texture": "#2"},
				"west": {"uv": [6, 8.25, 7, 9.25], "texture": "#2"},
				"up": {"uv": [3.5, 7, 0, 6], "texture": "#2"},
				"down": {"uv": [7, 6, 3.5, 7], "texture": "#2"}
			}
		},
		{
			"from": [1, 1, 6],
			"to": [15, 5, 10],
			"rotation": {"angle": 0, "axis": "y", "origin": [1, 1, 6]},
			"faces": {
				"north": {"uv": [6.5, 0, 10, 1], "texture": "#2"},
				"east": {"uv": [7, 8.25, 8, 9.25], "texture": "#2"},
				"south": {"uv": [6.5, 1, 10, 2], "texture": "#2"},
				"west": {"uv": [8, 8.25, 9, 9.25], "texture": "#2"},
				"up": {"uv": [10, 3, 6.5, 2], "texture": "#2"},
				"down": {"uv": [10, 3, 6.5, 4], "texture": "#2"}
			}
		},
		{
			"from": [1, 1, 11],
			"to": [15, 5, 15],
			"rotation": {"angle": 0, "axis": "y", "origin": [1, 1, 11]},
			"faces": {
				"north": {"uv": [3, 0, 6.5, 1], "texture": "#2"},
				"east": {"uv": [3, 8.25, 4, 9.25], "texture": "#2"},
				"south": {"uv": [3, 1, 6.5, 2], "texture": "#2"},
				"west": {"uv": [4, 8.25, 5, 9.25], "texture": "#2"},
				"up": {"uv": [6.5, 3, 3, 2], "texture": "#2"},
				"down": {"uv": [6.5, 3, 3, 4], "texture": "#2"}
			}
		},
		{
			"from": [2, 1, 5],
			"to": [14, 4, 6],
			"rotation": {"angle": 0, "axis": "y", "origin": [2, 1, 5]},
			"faces": {
				"north": {"uv": [6.5, 4, 9.5, 4.75], "texture": "#2"},
				"east": {"uv": [10, 2.75, 10.25, 3.5], "texture": "#2"},
				"south": {"uv": [6.5, 4.75, 9.5, 5.5], "texture": "#2"},
				"west": {"uv": [3.25, 10, 3.5, 10.75], "texture": "#2"},
				"up": {"uv": [12, 6.25, 9, 6], "texture": "#2"},
				"down": {"uv": [12, 8.75, 9, 9], "texture": "#2"}
			}
		},
		{
			"from": [2, 1, 10],
			"to": [14, 4, 11],
			"rotation": {"angle": 0, "axis": "y", "origin": [2, 1, 10]},
			"faces": {
				"north": {"uv": [0, 7, 3, 7.75], "texture": "#2"},
				"east": {"uv": [3.5, 10, 3.75, 10.75], "texture": "#2"},
				"south": {"uv": [3, 7, 6, 7.75], "texture": "#2"},
				"west": {"uv": [3.75, 10, 4, 10.75], "texture": "#2"},
				"up": {"uv": [12, 9.25, 9, 9], "texture": "#2"},
				"down": {"uv": [5, 9.25, 2, 9.5], "texture": "#2"}
			}
		},
		{
			"from": [2, 0, 2],
			"to": [14, 1, 14],
			"rotation": {"angle": 0, "axis": "y", "origin": [2, 0, 2]},
			"faces": {
				"north": {"uv": [5, 9.25, 8, 9.5], "texture": "#2"},
				"east": {"uv": [8, 9.25, 11, 9.5], "texture": "#2"},
				"south": {"uv": [2, 9.5, 5, 9.75], "texture": "#2"},
				"west": {"uv": [9.5, 4, 12.5, 4.25], "texture": "#2"},
				"up": {"uv": [3, 3, 0, 0], "texture": "#2"},
				"down": {"uv": [3, 3, 0, 6], "texture": "#2"}
			}
		},
		{
			"from": [3.5, 5, 8.75],
			"to": [8.75, 5.5, 12.5],
			"rotation": {"angle": 0, "axis": "y", "origin": [3.5, 5, 8.75]},
			"faces": {
				"north": {"uv": [10, 3.75, 11.375, 3.875], "texture": "#2"},
				"east": {"uv": [9.5, 10, 10.5, 10.125], "texture": "#2"},
				"south": {"uv": [7, 10, 8.375, 10.125], "texture": "#2"},
				"west": {"uv": [0.75, 10.25, 1.75, 10.375], "texture": "#2"},
				"up": {"uv": [1.375, 8.75, 0, 7.75], "texture": "#2"},
				"down": {"uv": [2.875, 7.75, 1.5, 8.75], "texture": "#2"}
			}
		},
		{
			"from": [3.5, 4, 10],
			"to": [8.75, 5, 11],
			"rotation": {"angle": 0, "axis": "y", "origin": [3.5, 4, 10]},
			"faces": {
				"north": {"uv": [9, 9.5, 10.375, 9.75], "texture": "#2"},
				"east": {"uv": [7.75, 6.75, 8, 7], "texture": "#2"},
				"south": {"uv": [2, 9.75, 3.375, 10], "texture": "#2"},
				"west": {"uv": [8.25, 10.25, 8.5, 10.5], "texture": "#2"},
				"up": {"uv": [4.875, 10, 3.5, 9.75], "texture": "#2"},
				"down": {"uv": [10.375, 9.75, 9, 10], "texture": "#2"}
			}
		},
		{
			"from": [4, 4.75, 9.25],
			"to": [5, 5.75, 12],
			"rotation": {"angle": 0, "axis": "y", "origin": [4, 6, 9.25]},
			"faces": {
				"north": {"uv": [9.5, 10.25, 9.75, 10.5], "texture": "#2"},
				"east": {"uv": [7, 6.75, 7.75, 7], "texture": "#2"},
				"south": {"uv": [9.75, 10.25, 10, 10.5], "texture": "#2"},
				"west": {"uv": [10, 3.5, 10.75, 3.75], "texture": "#2"},
				"up": {"uv": [4.25, 10.75, 4, 10], "texture": "#2"},
				"down": {"uv": [4.5, 10, 4.25, 10.75], "texture": "#2"}
			}
		},
		{
			"from": [5.5, 4.75, 11.25],
			"to": [6.25, 5.75, 12],
			"rotation": {"angle": 0, "axis": "y", "origin": [5.5, 4.75, 11.25]},
			"faces": {
				"north": {"uv": [10, 10.25, 10.25, 10.5], "texture": "#2"},
				"east": {"uv": [10.25, 10.25, 10.5, 10.5], "texture": "#2"},
				"south": {"uv": [0, 10.5, 0.25, 10.75], "texture": "#2"},
				"west": {"uv": [0.25, 10.5, 0.5, 10.75], "texture": "#2"},
				"up": {"uv": [0.75, 10.75, 0.5, 10.5], "texture": "#2"},
				"down": {"uv": [1, 10.5, 0.75, 10.75], "texture": "#2"}
			}
		},
		{
			"from": [5.5, 4.75, 10.25],
			"to": [6.25, 5.75, 11],
			"rotation": {"angle": 0, "axis": "y", "origin": [5.5, 4.75, 10.25]},
			"faces": {
				"north": {"uv": [1, 10.5, 1.25, 10.75], "texture": "#2"},
				"east": {"uv": [1.25, 10.5, 1.5, 10.75], "texture": "#2"},
				"south": {"uv": [1.5, 10.5, 1.75, 10.75], "texture": "#2"},
				"west": {"uv": [10.5, 2.75, 10.75, 3], "texture": "#2"},
				"up": {"uv": [10.75, 3.25, 10.5, 3], "texture": "#2"},
				"down": {"uv": [10.75, 3.25, 10.5, 3.5], "texture": "#2"}
			}
		},
		{
			"from": [5.5, 4.75, 9.25],
			"to": [6.25, 5.75, 10],
			"rotation": {"angle": 0, "axis": "y", "origin": [5.5, 4.75, 9.25]},
			"faces": {
				"north": {"uv": [10.5, 4.25, 10.75, 4.5], "texture": "#2"},
				"east": {"uv": [4.5, 10.5, 4.75, 10.75], "texture": "#2"},
				"south": {"uv": [10.5, 4.5, 10.75, 4.75], "texture": "#2"},
				"west": {"uv": [4.75, 10.5, 5, 10.75], "texture": "#2"},
				"up": {"uv": [10.75, 5, 10.5, 4.75], "texture": "#2"},
				"down": {"uv": [10.75, 5, 10.5, 5.25], "texture": "#2"}
			}
		},
		{
			"from": [6.5, 4.75, 11.25],
			"to": [7.25, 5.75, 12],
			"rotation": {"angle": 0, "axis": "y", "origin": [6.5, 4.75, 11.25]},
			"faces": {
				"north": {"uv": [10.5, 5.25, 10.75, 5.5], "texture": "#2"},
				"east": {"uv": [6, 10.5, 6.25, 10.75], "texture": "#2"},
				"south": {"uv": [6.25, 10.5, 6.5, 10.75], "texture": "#2"},
				"west": {"uv": [10.5, 6.25, 10.75, 6.5], "texture": "#2"},
				"up": {"uv": [6.75, 10.75, 6.5, 10.5], "texture": "#2"},
				"down": {"uv": [10.75, 6.5, 10.5, 6.75], "texture": "#2"}
			}
		},
		{
			"from": [6.5, 4.75, 10.25],
			"to": [7.25, 5.75, 11],
			"rotation": {"angle": 0, "axis": "y", "origin": [6.5, 4.75, 10.25]},
			"faces": {
				"north": {"uv": [6.75, 10.5, 7, 10.75], "texture": "#2"},
				"east": {"uv": [10.5, 6.75, 10.75, 7], "texture": "#2"},
				"south": {"uv": [10.5, 7, 10.75, 7.25], "texture": "#2"},
				"west": {"uv": [10.5, 7.25, 10.75, 7.5], "texture": "#2"},
				"up": {"uv": [7.75, 10.75, 7.5, 10.5], "texture": "#2"},
				"down": {"uv": [8, 10.5, 7.75, 10.75], "texture": "#2"}
			}
		},
		{
			"from": [6.5, 4.75, 9.25],
			"to": [7.25, 5.75, 10],
			"rotation": {"angle": 0, "axis": "y", "origin": [6.5, 4.75, 9.25]},
			"faces": {
				"north": {"uv": [10.5, 7.75, 10.75, 8], "texture": "#2"},
				"east": {"uv": [8, 10.5, 8.25, 10.75], "texture": "#2"},
				"south": {"uv": [10.5, 8, 10.75, 8.25], "texture": "#2"},
				"west": {"uv": [8.25, 10.5, 8.5, 10.75], "texture": "#2"},
				"up": {"uv": [8.75, 10.75, 8.5, 10.5], "texture": "#2"},
				"down": {"uv": [9, 10.5, 8.75, 10.75], "texture": "#2"}
			}
		},
		{
			"from": [7.5, 4.75, 9.25],
			"to": [8.25, 5.75, 10],
			"rotation": {"angle": 0, "axis": "y", "origin": [7.5, 4.75, 9.25]},
			"faces": {
				"north": {"uv": [9.5, 10.5, 9.75, 10.75], "texture": "#2"},
				"east": {"uv": [10.5, 9.5, 10.75, 9.75], "texture": "#2"},
				"south": {"uv": [9.75, 10.5, 10, 10.75], "texture": "#2"},
				"west": {"uv": [10.5, 9.75, 10.75, 10], "texture": "#2"},
				"up": {"uv": [10.25, 10.75, 10, 10.5], "texture": "#2"},
				"down": {"uv": [10.75, 10, 10.5, 10.25], "texture": "#2"}
			}
		},
		{
			"from": [7.5, 4.75, 11.25],
			"to": [8.25, 5.75, 12],
			"rotation": {"angle": 0, "axis": "y", "origin": [7.5, 4.75, 11.25]},
			"faces": {
				"north": {"uv": [10.25, 10.5, 10.5, 10.75], "texture": "#2"},
				"east": {"uv": [10.5, 10.25, 10.75, 10.5], "texture": "#2"},
				"south": {"uv": [10.5, 10.5, 10.75, 10.75], "texture": "#2"},
				"west": {"uv": [0, 10.75, 0.25, 11], "texture": "#2"},
				"up": {"uv": [11, 0.25, 10.75, 0], "texture": "#2"},
				"down": {"uv": [0.5, 10.75, 0.25, 11], "texture": "#2"}
			}
		},
		{
			"from": [7.5, 4.75, 10.25],
			"to": [8.25, 5.75, 11],
			"rotation": {"angle": 0, "axis": "y", "origin": [7.5, 4.75, 10.25]},
			"faces": {
				"north": {"uv": [10.75, 0.25, 11, 0.5], "texture": "#2"},
				"east": {"uv": [0.5, 10.75, 0.75, 11], "texture": "#2"},
				"south": {"uv": [0.75, 10.75, 1, 11], "texture": "#2"},
				"west": {"uv": [1, 10.75, 1.25, 11], "texture": "#2"},
				"up": {"uv": [1.5, 11, 1.25, 10.75], "texture": "#2"},
				"down": {"uv": [1.75, 10.75, 1.5, 11], "texture": "#2"}
			}
		},
		{
			"from": [7.25, 3.25, 5.75],
			"to": [7.75, 5.25, 9],
			"rotation": {"angle": 0, "axis": "y", "origin": [7.25, 3.25, 5.75]},
			"faces": {
				"north": {"uv": [10.75, 2.75, 10.875, 3.25], "texture": "#2"},
				"east": {"uv": [2, 8.75, 2.875, 9.25], "texture": "#2"},
				"south": {"uv": [3.25, 10.75, 3.375, 11.25], "texture": "#2"},
				"west": {"uv": [9.5, 5, 10.375, 5.5], "texture": "#2"},
				"up": {"uv": [1.875, 11.125, 1.75, 10.25], "texture": "#2"},
				"down": {"uv": [2.125, 10.25, 2, 11.125], "texture": "#2"}
			}
		},
		{
			"from": [9, 3.25, 5.75],
			"to": [9.5, 5.25, 9.25],
			"rotation": {"angle": 0, "axis": "y", "origin": [7.25, 3.25, 5.75]},
			"faces": {
				"north": {"uv": [10.75, 3.25, 10.875, 3.75], "texture": "#2"},
				"east": {"uv": [6, 9.5, 6.875, 10], "texture": "#2"},
				"south": {"uv": [3.5, 10.75, 3.625, 11.25], "texture": "#2"},
				"west": {"uv": [9.5, 6.25, 10.375, 6.75], "texture": "#2"},
				"up": {"uv": [2.375, 11.125, 2.25, 10.25], "texture": "#2"},
				"down": {"uv": [2.625, 10.25, 2.5, 11.125], "texture": "#2"}
			}
		},
		{
			"from": [6.25, 3.25, 5.75],
			"to": [6.75, 5.25, 9],
			"rotation": {"angle": 0, "axis": "y", "origin": [7.25, 3.25, 5.75]},
			"faces": {
				"north": {"uv": [3.75, 10.75, 3.875, 11.25], "texture": "#2"},
				"east": {"uv": [7, 9.5, 7.875, 10], "texture": "#2"},
				"south": {"uv": [4, 10.75, 4.125, 11.25], "texture": "#2"},
				"west": {"uv": [8, 9.5, 8.875, 10], "texture": "#2"},
				"up": {"uv": [2.875, 11.125, 2.75, 10.25], "texture": "#2"},
				"down": {"uv": [3.125, 10.25, 3, 11.125], "texture": "#2"}
			}
		},
		{
			"from": [2.25, 3.5, 2.25],
			"to": [3.75, 5.5, 3.75],
			"rotation": {"angle": 0, "axis": "y", "origin": [2.25, 3.5, 2.25]},
			"faces": {
				"north": {"uv": [6.5, 5.5, 6.875, 6], "texture": "#2"},
				"east": {"uv": [4.5, 10, 4.875, 10.5], "texture": "#2"},
				"south": {"uv": [6, 10, 6.375, 10.5], "texture": "#2"},
				"west": {"uv": [6.5, 10, 6.875, 10.5], "texture": "#2"},
				"up": {"uv": [10.375, 8.125, 10, 7.75], "texture": "#2"},
				"down": {"uv": [8.875, 10, 8.5, 10.375], "texture": "#2"}
			}
		},
		{
			"from": [2.5, 5.51, 2.5],
			"to": [3.5, 5.51, 3.5],
			"rotation": {"angle": 0, "axis": "y", "origin": [2.5, 5.5, 2.5]},
			"faces": {
				"north": {"uv": [0, 0, 0.25, 0], "texture": "#1"},
				"east": {"uv": [0, 0, 0.25, 0], "texture": "#1"},
				"south": {"uv": [0, 0, 0.25, 0], "texture": "#1"},
				"west": {"uv": [0, 0, 0.25, 0], "texture": "#1"},
				"up": {"uv": [4.5, 11, 4.25, 10.75], "texture": "#1"},
				"down": {"uv": [4.5, 10.75, 4.25, 11], "texture": "#1"}
			}
		},
		{
			"from": [7, 3.25, 11.5],
			"to": [15.25, 5.25, 12],
			"faces": {
				"north": {"uv": [5.5, 7.75, 7.625, 8.25], "texture": "#2"},
				"east": {"uv": [10.75, 4.25, 10.875, 4.75], "texture": "#2"},
				"south": {"uv": [7.75, 7.75, 9.875, 8.25], "texture": "#2"},
				"west": {"uv": [4.5, 10.75, 4.625, 11.25], "texture": "#2"},
				"up": {"uv": [12.125, 1.375, 10, 1.25], "texture": "#2"},
				"down": {"uv": [12.125, 1.5, 10, 1.625], "texture": "#2"}
			}
		},
		{
			"from": [8, 2.25, 12.5],
			"to": [15.25, 5.25, 13],
			"faces": {
				"north": {"uv": [7, 5.5, 8.875, 6.25], "texture": "#2"},
				"east": {"uv": [10.25, 2.75, 10.375, 3.5], "texture": "#2"},
				"south": {"uv": [6, 7, 7.875, 7.75], "texture": "#2"},
				"west": {"uv": [10.25, 6.75, 10.375, 7.5], "texture": "#2"},
				"up": {"uv": [11.875, 2.375, 10, 2.25], "texture": "#2"},
				"down": {"uv": [11.875, 2.5, 10, 2.625], "texture": "#2"}
			}
		},
		{
			"from": [7, 3.25, 9.25],
			"to": [9.5, 5.25, 9.75],
			"faces": {
				"north": {"uv": [0, 10, 0.625, 10.5], "texture": "#2"},
				"east": {"uv": [6, 10.75, 6.125, 11.25], "texture": "#2"},
				"south": {"uv": [10, 0, 10.625, 0.5], "texture": "#2"},
				"west": {"uv": [6.25, 10.75, 6.375, 11.25], "texture": "#2"},
				"up": {"uv": [8.125, 10.375, 7.5, 10.25], "texture": "#2"},
				"down": {"uv": [10.875, 7.5, 10.25, 7.625], "texture": "#2"}
			}
		},
		{
			"from": [6, 3, 10.75],
			"to": [15.25, 3.5, 12],
			"rotation": {"angle": 0, "axis": "y", "origin": [0, 0, 1]},
			"faces": {
				"north": {"uv": [10, 0.5, 12.375, 0.625], "texture": "#2"},
				"east": {"uv": [6.5, 10.75, 6.875, 10.875], "texture": "#2"},
				"south": {"uv": [0.75, 10, 3.125, 10.125], "texture": "#2"},
				"west": {"uv": [10.75, 6.5, 11.125, 6.625], "texture": "#2"},
				"up": {"uv": [11.375, 5.875, 9, 5.5], "texture": "#2"},
				"down": {"uv": [11.375, 8.25, 9, 8.625], "texture": "#2"}
			}
		},
		{
			"from": [4, 0.75, 12],
			"to": [4.5, 5.25, 15.25],
			"faces": {
				"north": {"uv": [9, 10, 9.125, 11.125], "texture": "#2"},
				"east": {"uv": [0, 8.75, 0.875, 9.875], "texture": "#2"},
				"south": {"uv": [9.25, 10, 9.375, 11.125], "texture": "#2"},
				"west": {"uv": [1, 8.75, 1.875, 9.875], "texture": "#2"},
				"up": {"uv": [5.125, 11.125, 5, 10.25], "texture": "#2"},
				"down": {"uv": [5.375, 10.25, 5.25, 11.125], "texture": "#2"}
			}
		},
		{
			"from": [6, 2.25, 12],
			"to": [6.5, 5.25, 15.25],
			"faces": {
				"north": {"uv": [7, 10.25, 7.125, 11], "texture": "#2"},
				"east": {"uv": [9.5, 4.25, 10.375, 5], "texture": "#2"},
				"south": {"uv": [7.25, 10.25, 7.375, 11], "texture": "#2"},
				"west": {"uv": [5, 9.5, 5.875, 10.25], "texture": "#2"},
				"up": {"uv": [5.625, 11.125, 5.5, 10.25], "texture": "#2"},
				"down": {"uv": [5.875, 10.25, 5.75, 11.125], "texture": "#2"}
			}
		},
		{
			"from": [4.5, 2.25, 14.75],
			"to": [6, 2.75, 15.25],
			"faces": {
				"north": {"uv": [10.75, 6.75, 11.125, 6.875], "texture": "#2"},
				"east": {"uv": [10.75, 7.75, 10.875, 7.875], "texture": "#2"},
				"south": {"uv": [10.75, 7, 11.125, 7.125], "texture": "#2"},
				"west": {"uv": [8, 10.75, 8.125, 10.875], "texture": "#2"},
				"up": {"uv": [11.125, 7.375, 10.75, 7.25], "texture": "#2"},
				"down": {"uv": [7.875, 10.75, 7.5, 10.875], "texture": "#2"}
			}
		},
		{
			"from": [6, 2.25, 10.75],
			"to": [15.25, 2.75, 12.5],
			"rotation": {"angle": 0, "axis": "y", "origin": [0, 0, 1]},
			"faces": {
				"north": {"uv": [10, 0.75, 12.375, 0.875], "texture": "#2"},
				"east": {"uv": [10.75, 5.25, 11.25, 5.375], "texture": "#2"},
				"south": {"uv": [10, 1, 12.375, 1.125], "texture": "#2"},
				"west": {"uv": [10.75, 6.25, 11.25, 6.375], "texture": "#2"},
				"up": {"uv": [9.375, 6.75, 7, 6.25], "texture": "#2"},
				"down": {"uv": [5.375, 7.75, 3, 8.25], "texture": "#2"}
			}
		}
	],
	"gui_light": "front",
	"display": {
		"thirdperson_righthand": {
			"rotation": [89, -90, 0],
			"translation": [0, 2.5, 3.25],
			"scale": [0.6, 0.6, 0.6]
		},
		"thirdperson_lefthand": {
			"rotation": [89, 90, 0],
			"translation": [0, 2.75, 3.25],
			"scale": [0.6, 0.6, 0.6]
		},
		"firstperson_righthand": {
			"rotation": [24, -90, 0],
			"translation": [3.5, 1.75, -0.25]
		},
		"firstperson_lefthand": {
			"rotation": [24, 90, 0],
			"translation": [6.75, 1.75, -0.25]
		},
		"ground": {
			"translation": [0, 4.25, 0]
		},
		"gui": {
			"rotation": [90, -90, 0],
			"scale": [0.8, 0.8, 0.8]
		},
		"fixed": {
			"rotation": [-90, 0, 0],
			"translation": [0, 0, -12.75],
			"scale": [1.6, 1.6, 1.6]
		}
	},
	"groups": [
		{
			"name": "group",
			"origin": [1, 1, 1],
			"color": 0,
			"children": [0, 1, 2, 3, 4, 5, 6, 7, 8, 9, 10, 11, 12, 13, 14, 15, 16, 17, 18, 19, 20, 21, 22, 23, 24, 25, 26, 27, 28, 29, 30]
		}
	]
}