{
	"credit": "Made with Blockbench",
	"texture_size": [32, 32],
	"textures": {
		"0": "block/defuse",
		"particle": "block/defuse"
	},
	"elements": [
		{
			"from": [3, 0, 5],
			"to": [12, 1.5, 11],
			"faces": {
				"north": {"uv": [4.5, 0, 9, 0.75], "texture": "#0"},
				"east": {"uv": [4.5, 2, 7.5, 2.75], "texture": "#0"},
				"south": {"uv": [4.5, 1, 9, 1.75], "texture": "#0"},
				"west": {"uv": [4.5, 3, 7.5, 3.75], "texture": "#0"},
				"up": {"uv": [4.5, 3, 0, 0], "texture": "#0"},
				"down": {"uv": [4.5, 3, 0, 6], "texture": "#0"}
			}
		},
		{
			"from": [9, 0.5, 6],
			"to": [11, 1.9, 10],
			"faces": {
				"north": {"uv": [4, 6, 5, 6.75], "texture": "#0"},
				"east": {"uv": [0, 6, 2, 6.75], "texture": "#0"},
				"south": {"uv": [5, 6, 6, 6.75], "texture": "#0"},
				"west": {"uv": [2, 6, 4, 6.75], "texture": "#0"},
				"up": {"uv": [5.5, 6, 4.5, 4], "texture": "#0"},
				"down": {"uv": [6.5, 4, 5.5, 6], "texture": "#0"}
			}
		},
		{
			"from": [7.4, 0.3, 6.1],
			"to": [8.4, 1.7, 7.1],
			"faces": {
				"north": {"uv": [6, 6, 6.5, 6.75], "texture": "#0"},
				"east": {"uv": [6.5, 4, 7, 4.75], "texture": "#0"},
				"south": {"uv": [6.5, 5, 7, 5.75], "texture": "#0"},
				"west": {"uv": [6.5, 6, 7, 6.75], "texture": "#0"},
				"up": {"uv": [8.5, 3.5, 8, 3], "texture": "#0"},
				"down": {"uv": [4, 8, 3.5, 8.5], "texture": "#0"}
			}
		},
		{
			"from": [7.4, 0.3, 7.5],
			"to": [8.4, 1.7, 8.5],
			"faces": {
				"north": {"uv": [0, 7, 0.5, 7.75], "texture": "#0"},
				"east": {"uv": [0.5, 7, 1, 7.75], "texture": "#0"},
				"south": {"uv": [1, 7, 1.5, 7.75], "texture": "#0"},
				"west": {"uv": [1.5, 7, 2, 7.75], "texture": "#0"},
				"up": {"uv": [8.5, 4, 8, 3.5], "texture": "#0"},
				"down": {"uv": [4.5, 8, 4, 8.5], "texture": "#0"}
			}
		},
		{
			"from": [7.4, 0.3, 8.9],
			"to": [8.4, 1.7, 9.9],
			"faces": {
				"north": {"uv": [2, 7, 2.5, 7.75], "texture": "#0"},
				"east": {"uv": [2.5, 7, 3, 7.75], "texture": "#0"},
				"south": {"uv": [3, 7, 3.5, 7.75], "texture": "#0"},
				"west": {"uv": [3.5, 7, 4, 7.75], "texture": "#0"},
				"up": {"uv": [8.5, 4.5, 8, 4], "texture": "#0"},
				"down": {"uv": [5, 8, 4.5, 8.5], "texture": "#0"}
			}
		},
		{
			"from": [5.9, 0.3, 6.1],
			"to": [6.9, 1.7, 7.1],
			"faces": {
				"north": {"uv": [6.5, 7, 7, 7.75], "texture": "#0"},
				"east": {"uv": [7, 7, 7.5, 7.75], "texture": "#0"},
				"south": {"uv": [7.5, 2, 8, 2.75], "texture": "#0"},
				"west": {"uv": [7.5, 3, 8, 3.75], "texture": "#0"},
				"up": {"uv": [8.5, 6, 8, 5.5], "texture": "#0"},
				"down": {"uv": [6.5, 8, 6, 8.5], "texture": "#0"}
			}
		},
		{
			"from": [5.9, 0.3, 7.5],
			"to": [6.9, 1.7, 8.5],
			"faces": {
				"north": {"uv": [7, 5, 7.5, 5.75], "texture": "#0"},
				"east": {"uv": [5.5, 7, 6, 7.75], "texture": "#0"},
				"south": {"uv": [6, 7, 6.5, 7.75], "texture": "#0"},
				"west": {"uv": [7, 6, 7.5, 6.75], "texture": "#0"},
				"up": {"uv": [8.5, 5.5, 8, 5], "texture": "#0"},
				"down": {"uv": [6, 8, 5.5, 8.5], "texture": "#0"}
			}
		},
		{
			"from": [5.9, 0.3, 8.9],
			"to": [6.9, 1.7, 9.9],
			"faces": {
				"north": {"uv": [4, 7, 4.5, 7.75], "texture": "#0"},
				"east": {"uv": [7, 4, 7.5, 4.75], "texture": "#0"},
				"south": {"uv": [4.5, 7, 5, 7.75], "texture": "#0"},
				"west": {"uv": [5, 7, 5.5, 7.75], "texture": "#0"},
				"up": {"uv": [8.5, 5, 8, 4.5], "texture": "#0"},
				"down": {"uv": [5.5, 8, 5, 8.5], "texture": "#0"}
			}
		},
		{
			"from": [4.4, 0.3, 6.1],
			"to": [5.4, 1.7, 7.1],
			"faces": {
				"north": {"uv": [2, 8, 2.5, 8.75], "texture": "#0"},
				"east": {"uv": [8, 2, 8.5, 2.75], "texture": "#0"},
				"south": {"uv": [2.5, 8, 3, 8.75], "texture": "#0"},
				"west": {"uv": [3, 8, 3.5, 8.75], "texture": "#0"},
				"up": {"uv": [8.5, 7.5, 8, 7], "texture": "#0"},
				"down": {"uv": [8, 8, 7.5, 8.5], "texture": "#0"}
			}
		},
		{
			"from": [4.4, 0.3, 7.5],
			"to": [5.4, 1.7, 8.5],
			"faces": {
				"north": {"uv": [0, 8, 0.5, 8.75], "texture": "#0"},
				"east": {"uv": [0.5, 8, 1, 8.75], "texture": "#0"},
				"south": {"uv": [1, 8, 1.5, 8.75], "texture": "#0"},
				"west": {"uv": [1.5, 8, 2, 8.75], "texture": "#0"},
				"up": {"uv": [8.5, 7, 8, 6.5], "texture": "#0"},
				"down": {"uv": [7.5, 8, 7, 8.5], "texture": "#0"}
			}
		},
		{
			"from": [4.4, 0.3, 8.9],
			"to": [5.4, 1.7, 9.9],
			"faces": {
				"north": {"uv": [7.5, 4, 8, 4.75], "texture": "#0"},
				"east": {"uv": [7.5, 5, 8, 5.75], "texture": "#0"},
				"south": {"uv": [7.5, 6, 8, 6.75], "texture": "#0"},
				"west": {"uv": [7.5, 7, 8, 7.75], "texture": "#0"},
				"up": {"uv": [8.5, 6.5, 8, 6], "texture": "#0"},
				"down": {"uv": [7, 8, 6.5, 8.5], "texture": "#0"}
			}
		}
	],
	"gui_light": "front",
	"display": {
		"thirdperson_righthand": {
			"rotation": [0, 90, 97],
			"translation": [0, 1.75, 5.75],
			"scale": [0.7, 0.7, 0.7]
		},
		"thirdperson_lefthand": {
			"rotation": [176, -90, 81],
			"translation": [0, 2.25, 6.25],
			"scale": [0.7, 0.7, 0.7]
		},
		"firstperson_righthand": {
			"rotation": [30, 90, 0],
			"translation": [2, 7.75, 3.25]
		},
		"firstperson_lefthand": {
			"rotation": [30, -90, 0],
			"translation": [2, 7.75, 3.25]
		},
		"gui": {
			"rotation": [0, 90, 90],
			"translation": [0, 0.5, 0],
			"scale": [1.3, 1.3, 1.3]
		}
	}
}