{
	"credit": "Made with Blockbench",
	"texture_size": [256, 256],
	"textures": {
		"0": "item/base",
		"1": "item/jump",
		"particle": "item/jump"
	},
	"elements": [
		{
			"from": [-16, 0, -16],
			"to": [32, 0.5, 32],
			"rotation": {"angle": 0, "axis": "y", "origin": [-16, 0, -16]},
			"faces": {
				"north": {"uv": [3, 0, 6, 0.0625], "texture": "#0"},
				"east": {"uv": [3, 0.0625, 6, 0.125], "texture": "#0"},
				"south": {"uv": [3, 0.125, 6, 0.1875], "texture": "#0"},
				"west": {"uv": [3, 0.1875, 6, 0.25], "texture": "#0"},
				"up": {"uv": [3, 3, 0, 0], "texture": "#0"},
				"down": {"uv": [3, 3, 0, 6], "texture": "#0"}
			}
		},
		{
			"from": [-15.25, 0.5, -15.25],
			"to": [31.25, 1, 31.25],
			"rotation": {"angle": 0, "axis": "y", "origin": [-15.25, 0.5, -15.25]},
			"faces": {
				"north": {"uv": [2.75, 0, 5.5, 0.0625], "texture": "#1"},
				"east": {"uv": [2.75, 0.0625, 5.5, 0.125], "texture": "#1"},
				"south": {"uv": [2.75, 0.125, 5.5, 0.1875], "texture": "#1"},
				"west": {"uv": [2.75, 0.1875, 5.5, 0.25], "texture": "#1"},
				"up": {"uv": [5.5, 5.5, 0, 0], "texture": "#1"},
				"down": {"uv": [2.75, 2.75, 0, 5.5], "texture": "#1"}
			}
		}
	],
	"gui_light": "front",
	"display": {
		"thirdperson_righthand": {
			"rotation": [66, 0, 0],
			"translation": [0, 2.5, 0],
			"scale": [0.2, 0.2, 0.2]
		},
		"gui": {
			"rotation": [90, 0, 0],
			"scale": [0.25, 0.25, 0.25]
		},
		"fixed": {
			"rotation": [-90, 0, 0],
			"translation": [0, 0, -16],
			"scale": [2, 2, 2]
		}
	}
}