{
	"credit": "Made with Blockbench",
	"texture_size": [128, 128],
	"textures": {
		"0": "item/base",
		"1": "item/launch",
		"particle": "item/launch"
	},
	"elements": [
		{
			"from": [-16, 0, -16],
			"to": [32, 0.5, 32],
			"rotation": {"angle": 0, "axis": "y", "origin": [-16, 0, -16]},
			"faces": {
				"north": {"uv": [6, 0, 12, 0.125], "texture": "#0"},
				"east": {"uv": [6, 0.125, 12, 0.25], "texture": "#0"},
				"south": {"uv": [6, 0.25, 12, 0.375], "texture": "#0"},
				"west": {"uv": [6, 0.375, 12, 0.5], "texture": "#0"},
				"up": {"uv": [6, 6, 0, 0], "texture": "#0"},
				"down": {"uv": [6, 6, 0, 12], "texture": "#0"}
			}
		},
		{
			"from": [-15.25, 0.5, -15.25],
			"to": [31.25, 1, 31.25],
			"rotation": {"angle": 0, "axis": "y", "origin": [-15.25, 0.5, -15.25]},
			"faces": {
				"north": {"uv": [5.5, 0, 11, 0.125], "texture": "#1"},
				"east": {"uv": [5.5, 0.125, 11, 0.25], "texture": "#1"},
				"south": {"uv": [5.5, 0.25, 11, 0.375], "texture": "#1"},
				"west": {"uv": [5.5, 0.375, 11, 0.5], "texture": "#1"},
				"up": {"uv": [5.5, 5.5, 0, 0], "texture": "#1"},
				"down": {"uv": [5.5, 5.5, 0, 11], "texture": "#1"}
			}
		}
	],
	"gui_light": "front",
	"display": {
		"thirdperson_righthand": {
			"rotation": [98, 0, 0],
			"translation": [0, 0.25, 4.5],
			"scale": [0.1, 0.5, 0.1]
		},
		"thirdperson_lefthand": {
			"rotation": [98, 0, 0],
			"translation": [0, 0.25, 4.5],
			"scale": [0.1, 0.5, 0.1]
		},
		"firstperson_righthand": {
			"rotation": [32, 0, 0],
			"translation": [4, 1.25, 0],
			"scale": [0.2, 0.5, 0.2]
		},
		"firstperson_lefthand": {
			"rotation": [32, 0, 0],
			"translation": [4, 1.25, 0],
			"scale": [0.2, 0.5, 0.2]
		},
		"ground": {
			"translation": [0, 4.75, 0],
			"scale": [0.2, 0.5, 0.2]
		},
		"gui": {
			"rotation": [90, 0, 0],
			"scale": [0.25, 0.25, 0.25]
		},
		"fixed": {
			"rotation": [-90, 0, 0],
			"translation": [0, 0, -16],
			"scale": [2, 2, 2]
		}
	}
}