{
    "providers": [
        {
            "type": "bitmap",
            "file": "plate:plates/right_plate.png",
            "height": 13,
            "ascent": 9,
            "chars": [
                "R"

            ]
        },
{
            "type": "bitmap",
            "file": "plate:plates/middle_plate.png",
            "height": 13,
            "ascent": 9,
            "chars": [
                "m"

            ]
        },
{
            "type": "bitmap",
            "file": "plate:plates/middle_wide_plate.png",
            "height": 13,
            "ascent": 9,
            "chars": [
                "M"

            ]
        },
{
            "type": "bitmap",
            "file": "plate:plates/left_plate.png",
            "height": 13,
            "ascent": 9,
            "chars": [
                "L"

            ]
        },
{
            "type": "bitmap",
            "file": "plate:plates/1st.png",
            "height": 9,
            "ascent": 8,
            "chars": [
                "1"

            ]
        },
{
            "type": "bitmap",
            "file": "plate:plates/2nd.png",
            "height": 9,
            "ascent": 8,
            "chars": [
                "2"

            ]
        },
{
            "type": "bitmap",
            "file": "plate:plates/3rd.png",
            "height": 9,
            "ascent": 8,
            "chars": [
                "3"

            ]
        },
{
            "type": "bitmap",
            "file": "plate:plates/black.png",
            "height": 1024,
            "ascent": 512,
            "chars": [
                "B"

            ]
        },
{
            "type": "bitmap",
            "file": "plate:plates/rizz.png",
            "height": 256,
            "ascent": 80,
            "chars": [
                "o"

            ]
        },
{
            "type": "bitmap",
            "file": "plate:plates/finish.png",
            "height": 169,
            "ascent": 140,
            "chars": [
                "fc"

            ]
        },
{
            "type": "bitmap",
            "file": "plate:plates/red_triangle_warning.png",
            "height": 8,
            "ascent": 8,
            "chars": [
                "r"

            ]
        },
{
            "type": "bitmap",
            "file": "plate:plates/yellow_warning.png",
            "height": 8,
            "ascent": 8,
            "chars": [
                "y"

            ]
        },
{
            "type": "bitmap",
            "file": "plate:plates/timer.png",
            "height": 10,
            "ascent": 9,
            "chars": [
                "t"

            ]
        },
{
            "type": "bitmap",
            "file": "plate:plates/play_button.png",
            "height": 8,
            "ascent": 7,
            "chars": [
                "p"

            ]
        },
{
            "type": "bitmap",
            "file": "plate:plates/tall_middle_wide.png",
            "height": 15,
            "ascent": 11,
            "chars": [
                "U"

            ]
        },
{
            "type": "bitmap",
            "file": "plate:plates/tall_middle.png",
            "height": 15,
            "ascent": 11,
            "chars": [
                "u"

            ]
        },
{
            "type": "bitmap",
            "file": "plate:plates/tall_end.png",
            "height": 15,
            "ascent": 11,
            "chars": [
                "I"

            ]
        },
{
            "type": "bitmap",
            "file": "plate:plates/bar_sheet.png",
            "height": 8,
            "ascent": 8,
            "chars": [
                "\u0001\u0009\u0011\u0019",
		"\u0002\u000A\u0012\u001A",
		"\u0003\u000B\u0013\u001B",
		"\u0004\u000C\u0014\u001C",
		"\u0005\u000D\u0015\u001D",
		"\u0006\u000E\u0016\u0000",
		"\u0007\u000F\u0017\u001F",
		"\u0008\u0010\u0018\u0020"
            ]
        },

{
            "type": "bitmap",
            "file": "plate:plates/middle_plate.png",
            "height": 13,
            "ascent": 10,
            "chars": [
                "k"

            ]
        },
{
            "type": "bitmap",
            "file": "plate:plates/middle_wide_plate.png",
            "height": 13,
            "ascent": 10,
            "chars": [
                "K"

            ]
        },
{
            "type": "bitmap",
            "file": "plate:plates/left_plate.png",
            "height": 13,
            "ascent": 10,
            "chars": [
                "l"

            ]
        },
{
            "type": "bitmap",
            "file": "cbgo:cbgoicons/cbgotest.png",
            "height": 8,
            "ascent": 8,
            "chars": [
                "/"

            ]
        }


    ]
}